Time,EV_Count,Base_Load_kW,Temperature,Day_Type,Electricity_Price,Total_Load_kW
0,31,156,41,0,5.610284555040733,352.82185143824404
1,30,128,20,1,7.039481479166846,325.93708849026325
2,27,135,29,1,7.246249732010817,227.84742825697674
3,24,138,32,1,7.596935134143066,218.01126986628083
4,26,86,43,1,7.999275693231425,189.9264345058254
5,26,144,33,1,7.8733571627648296,255.67304508714335
6,26,258,43,0,5.836528751840066,392.1927901902273
7,31,299,41,0,7.055397235974771,473.23325591908724
8,26,154,26,1,6.49138164910333,309.89017070480963
9,39,279,36,1,5.054383486953122,433.3117282289429
10,18,245,28,0,5.175550144959245,350.23511204744364
11,38,286,36,1,5.298419680835325,505.51893094245406
12,18,296,42,0,6.382315990140757,420.8910043016888
13,25,168,28,1,7.465708626681028,328.35453067486196
14,31,152,38,1,7.746429117035659,330.1895579717807
15,14,250,40,1,7.2549713012252806,310.8299466426299
16,28,178,40,0,6.228727675275033,326.92826421507215
17,10,207,20,1,7.344614178980174,268.47999944703554
18,63,374,43,0,11.216027404241608,716.2201593334813
19,54,377,35,0,10.453625197535311,646.0833475672734
20,81,408,38,1,11.758228826893275,690.0679866837195
21,46,251,27,0,8.032589775415461,570.1643606439368
22,78,293,22,1,8.742597049850017,664.8347311943112
23,27,283,37,0,7.775073029737439,406.2093601212201
0,38,270,28,1,5.208864739767226,470.9382266680526
1,34,127,30,1,5.923287850051187,303.442132658986
2,29,125,28,0,7.76857274886453,240.03869978200316
3,35,102,28,1,7.2392601393000255,254.72496824493862
4,17,143,35,1,5.9003387567960495,220.65575692730232
5,35,125,42,1,6.571755807597775,261.99790268842725
6,25,292,31,1,5.486475559050061,460.0511258720377
7,22,189,32,0,7.831285147268066,257.9848388259558
8,34,181,20,1,6.361244083282481,310.4210602095641
9,8,190,36,0,6.04355111249797,237.64974272661576
10,39,210,28,1,7.2762288307625855,364.36751642325396
11,18,238,36,0,5.165600500326472,341.62916074226973
12,17,265,27,1,5.667567549450785,345.9898151171103
13,10,250,32,0,5.733295607498317,306.15751041134786
14,30,286,37,0,7.848429691855894,440.861896297365
15,24,204,37,0,5.8753620749664535,312.8378022984176
16,9,234,23,0,5.5541753062400625,273.7787803754574
17,29,214,33,0,6.700811845789739,309.2914754258591
18,53,364,31,1,11.760530869904866,634.4606890178369
19,56,423,32,1,9.519967088218918,607.2778365728968
20,44,250,44,1,9.776725867276607,473.43768517044435
21,52,385,38,0,10.504686095445791,632.1990526067619
22,73,414,29,1,9.16797596121682,709.3476857832738
23,11,273,33,1,6.368217746113498,328.3080039342603
0,5,175,44,0,7.542954909642498,203.5720619623712
1,12,87,22,1,7.307208518058397,168.37690637957581
2,12,118,32,0,7.036360920009923,179.9470754762467
3,36,93,34,1,7.844380063080235,298.1508975050067
4,24,118,21,0,7.4688036289927515,257.2444650290729
5,6,109,25,1,7.03775181894435,138.6039038129055
6,30,275,20,1,6.651558517010711,397.7563465652677
7,7,251,39,0,6.0193502742184215,299.0779182934361
8,39,191,33,1,5.600392708098903,396.89035419304184
9,37,218,37,1,6.646029108634654,352.81213224749376
10,37,218,39,1,6.164442923073686,457.0396776469836
11,12,187,44,0,6.792634401670579,244.53668204031857
12,36,281,23,0,5.824365594811551,465.6297253362834
13,19,201,29,0,6.218987903603539,267.2344488057024
14,36,194,33,1,7.059419856604337,374.2986638327246
15,17,192,33,1,6.998433901657175,306.01820598551654
16,6,296,44,1,7.672283459969407,337.6982203779841
17,21,228,27,0,7.6197016942482705,360.7877870511551
18,80,440,36,1,8.862825515501344,775.3623778360704
19,99,316,42,1,10.168653164454206,859.7722231348904
20,79,278,35,1,9.635690516912135,550.4458065132102
21,66,337,42,1,10.186911798992453,741.3812825263981
22,67,412,35,1,9.79408286602075,702.2528913908641
23,38,293,27,1,7.7163082382776516,486.2947729941613
0,25,158,20,0,5.757755838784899,325.1384256055004
1,11,125,37,0,6.491070189979365,187.6592850611027
2,24,108,30,1,5.522147895786164,225.26777473053562
3,32,121,21,0,7.957571559423728,282.6976195252546
4,31,103,43,0,7.02677501754802,215.76348498530206
5,12,135,29,1,7.431606602932874,207.01077470204524
6,25,171,23,1,6.377009296939605,325.9946820465252
7,37,220,31,1,5.938194064461746,375.02348794658565
8,12,165,38,1,7.602380758480846,204.88412937386096
9,17,235,23,1,6.4804004442466985,348.35026618940674
10,27,189,43,1,6.213023621548818,318.0972792509159
11,11,265,43,1,6.6572452295858,311.24877864480374
12,7,181,39,0,6.311494625501407,225.86196663937648
13,36,245,42,1,7.785762993700405,448.4376462920688
14,24,212,36,0,5.860388448209124,347.1150769412088
15,33,165,34,0,6.496804216096958,283.28839874577574
16,29,258,22,1,6.790284231156662,379.83453425374745
17,18,208,23,1,6.260213238755833,269.1480774125591
18,53,282,40,1,10.021728747158331,450.2494965517559
19,43,316,29,0,9.398054850618875,495.46293210087015
20,83,304,38,0,10.204865820358968,594.825620313431
21,80,407,27,0,10.66320842643561,653.8989500985979
22,84,253,23,1,11.602652169440407,638.5068737208641
23,17,208,42,0,7.149191565731017,273.381723479245
0,21,160,42,0,6.651282959249764,264.91035073403924
1,5,97,35,1,6.849971944050258,122.37171986253854
2,10,90,27,0,6.246239357223398,129.63139665962336
3,31,102,26,1,6.68459886496635,314.5020410226249
4,38,135,30,0,7.181964971789947,353.211729626125
5,8,141,31,1,7.069555591528659,180.15550488209473
6,21,197,29,1,7.281937236575901,300.5756423865025
7,5,246,32,1,6.036507797372339,269.93178888803
8,17,238,27,1,6.944650638774375,296.93788894088783
9,37,158,34,0,5.061101791703874,325.4468435346106
10,34,257,28,0,5.094290418483505,422.5904680446238
11,12,160,24,1,7.204021339981113,204.92086120647372
12,7,180,41,0,7.151331797727315,208.77698579296163
13,26,230,27,1,7.066212013572274,365.71106276314003
14,31,253,22,1,5.871169128368297,429.5709408854936
15,34,210,42,1,5.503841673995478,447.7057410892091
16,19,264,30,0,7.140672236315599,322.5985354972971
17,29,184,22,1,5.293254185730161,383.25950773996874
18,50,440,21,1,9.168861565889248,771.5577346042141
19,78,414,34,1,9.646064738459017,844.3111844999576
20,45,349,36,1,11.759572723014406,636.3465733841181
21,98,257,38,0,11.994176348942446,899.0838746827741
22,88,269,43,1,8.462325818037009,777.4199394684504
23,29,259,38,0,7.336724751728887,366.84543350612023
0,13,198,43,0,5.867633926953436,254.19113823804074
1,21,140,35,0,6.792900675003506,263.22906594057883
2,38,134,33,0,5.642025971434947,273.4674682483459
3,25,98,22,1,6.801376302058778,216.9648630966043
4,28,104,33,1,7.632352802995676,196.98136977612432
5,17,102,43,0,7.885954235352404,153.62683301198052
6,16,213,33,0,6.859123292896127,319.6053095189293
7,37,253,38,1,6.236914691948348,479.06912598237216
8,7,249,23,1,7.791179072691259,273.4019401286492
9,11,219,44,1,5.693674891848678,287.51801269404774
10,29,265,20,1,6.9050809770057775,455.66563622450974
11,28,206,37,1,5.639176637935216,361.51706540302877
12,7,182,39,0,5.45625475655971,207.00486649321388
13,7,150,30,0,7.5899944526823315,177.94268980911374
14,23,291,25,1,5.3827590880322935,421.52112453925247
15,23,229,27,0,5.471214793471962,304.12873551832354
16,21,296,21,0,6.176437436457254,401.5617494916829
17,38,153,36,1,6.390706301275115,287.46588091389333
18,67,270,37,0,11.020146766173255,546.1619005357579
19,51,421,39,0,8.2209685110281,682.0441847668212
20,40,254,22,1,9.998197439943448,437.8517935172342
21,77,312,35,1,8.66957476083882,623.8808526225878
22,71,305,37,1,11.95949184327699,618.1185766385686
23,23,253,41,1,6.028505891245125,368.21255973571704
0,7,248,27,1,7.4906664530613,277.72175566135445
1,6,143,39,0,7.776335547192382,184.47416469567696
2,39,80,21,1,5.981890755124189,308.39119119649104
3,8,99,31,1,7.901059651955483,134.33555102331763
4,7,127,21,1,7.907902646465375,156.25950299282442
5,37,138,33,0,6.381752387724202,276.7407950666157
6,32,263,32,0,7.642569549185732,367.6618193172481
7,5,178,23,0,5.579740766156967,203.03487720629806
8,33,271,31,0,6.325915719195114,501.40896427906034
9,24,257,44,1,5.701118301124994,393.7670726677458
10,8,275,38,0,5.997627297158366,309.1295113467472
11,19,276,20,1,6.773811196262221,372.05103653961345
12,28,221,36,1,6.323266229727391,410.2414837231122
13,21,173,37,1,5.588630628420959,263.2530706775177
14,30,199,34,0,7.5541684813628445,355.80238814413235
15,16,297,42,1,7.911670136819582,362.41378696977415
16,8,150,25,1,6.110995832259431,201.1361904086903
17,25,229,32,1,7.907633440330368,363.84548377459316
18,70,403,32,0,8.98430410686495,676.4793855812418
19,97,270,41,1,9.758144040083383,575.5157916461087
20,52,434,36,0,9.466092489086114,637.4345015308161
21,54,431,31,0,11.612718241540655,661.8410313317447
22,79,284,27,0,10.707544254183809,692.4866031327787
23,23,153,24,1,5.15677538560732,251.18288102516743
0,9,282,21,1,7.884818987724197,335.7800767903892
1,21,94,26,0,7.04515153853671,223.50127196166153
2,30,131,35,0,5.027971900088714,318.307486277815
3,9,80,36,1,5.715806652013219,138.71130638350505
4,20,140,38,0,6.698639539225997,271.71025682522117
5,9,113,41,0,6.166500600041234,174.49830889378944
6,26,224,27,1,5.505063672180313,368.6166091051399
7,23,186,36,1,5.113542683924553,294.2745537853742
8,12,192,37,0,5.2149734881111325,263.85518081334305
9,14,270,23,1,5.550514828098349,363.6787779243511
10,17,259,41,0,5.759889728973304,329.4008930151682
11,23,245,41,1,7.419446558981804,339.31914229841504
12,30,171,40,1,5.698560007873214,279.8339640045526
13,15,262,32,0,7.307989789272147,315.6208730518237
14,18,204,23,0,6.848126762158287,317.6741159843005
15,25,160,22,1,5.915798115139192,275.94362089719493
16,18,228,20,0,6.374791435071163,325.1197603462334
17,8,238,26,1,6.024992852198626,282.94369737163106
18,72,397,26,1,11.432637397150518,718.7031469556464
19,54,342,44,1,9.292827403585495,627.7458327286441
20,55,433,28,0,8.538453931861634,797.8535875140421
21,40,346,24,0,11.024138258017704,472.82551835342633
22,88,255,24,0,9.347307065933457,638.2854497585085
23,35,295,32,1,7.921900307332764,454.76888502363533
0,17,242,33,1,7.740751717657249,336.28643865832885
1,13,129,26,1,6.386387234727353,179.63089791004515
2,23,149,31,0,5.869156237972815,238.08496299965546
3,31,131,21,0,5.699568163644351,250.93292941942235
4,28,121,21,0,6.100554776218479,209.8214306561524
5,18,115,43,1,7.578468608872698,170.66829636186588
6,12,217,21,0,5.068157921710035,279.54047133214397
7,23,244,35,1,5.713036916872991,324.8616713227541
8,34,191,37,1,5.667710057092962,308.11492484586796
9,28,262,33,0,6.78065012605789,444.7855588618005
10,18,167,30,0,5.4002776947144255,264.9478514264763
11,23,216,25,1,5.403755431879425,350.55017013413976
12,35,298,30,0,6.8233184459290666,480.76416390547615
13,12,225,36,0,6.813821940344454,264.59708648087485
14,11,187,21,0,7.1300469044926675,248.38671186203445
15,5,184,33,1,6.231059569339653,215.44327317312985
16,37,294,35,0,7.654889124498131,534.1482916529098
17,21,281,44,0,6.402550359529437,403.55981099938833
18,51,355,20,1,11.39651286416182,672.8270078598129
19,93,387,24,0,10.779641476368932,729.0171685603186
20,43,305,32,0,9.155774596096734,584.9781178642345
21,66,299,36,1,10.371675538395264,624.204042843299
22,75,300,34,0,11.82474113610467,805.4582143024983
23,39,202,32,0,7.177031782610758,388.2664939810163
0,22,189,43,0,6.208287444865581,303.19589557848695
1,25,85,44,1,7.757558872081786,252.7714818892098
2,30,140,29,0,7.067802389387655,297.9915858012539
3,17,142,35,1,7.287472646814026,235.64649251765445
4,28,104,38,0,6.924745462573117,289.51051966175123
5,25,142,44,1,6.868606909572698,256.35370054581745
6,30,229,21,0,5.7759896313264125,337.81768283750955
7,8,243,25,1,5.524521655893802,270.8636910154269
8,15,210,26,1,5.604735053424307,264.31668279291785
9,12,270,32,1,6.840985407817296,350.7688895509597
10,25,242,23,0,6.817389373132359,324.3078252842023
11,9,233,30,0,6.340819162791601,278.7960176557977
12,35,298,34,1,6.256871525635531,478.02002126709925
13,11,273,42,0,6.075207927178085,349.18603393514843
14,20,290,30,0,7.397274106616573,385.88181745885555
15,6,221,40,0,6.075078704765981,248.60476998494087
16,25,268,22,1,5.61084367972715,413.30741698453653
17,21,194,34,0,7.509181947054186,270.1397766557579
18,74,384,44,1,11.856353355523265,867.8036787185565
19,92,341,39,1,11.726054437609651,917.3242872940197
20,80,349,44,0,11.008876380566818,716.9537043904963
21,66,376,33,1,11.789868865347668,702.7265884272116
22,88,286,36,1,8.31014855344046,613.8031473249631
23,20,167,41,0,5.761349718410722,232.29681379879747
0,7,264,42,1,7.163863767675904,300.8578923855644
1,34,118,36,0,5.26595047815503,282.13452764986613
2,12,112,44,0,7.8532153965116835,172.98585672505197
3,12,122,23,0,5.2333034004533845,186.06591576350465
4,21,111,41,0,7.899532857874876,225.24917602781915
5,22,101,33,1,5.208748633496561,224.2600321607367
6,12,211,41,1,5.313596550160646,275.79918652253343
7,8,181,41,0,7.768304849623119,210.0404530156008
8,15,161,39,0,6.975787861893833,215.6218044535649
9,20,155,27,1,6.9580234190259596,264.20540316458766
10,29,246,42,1,7.380729714808039,385.699480680718
11,12,245,38,1,7.644610411156239,290.2243828619015
12,7,211,44,0,5.908746874709543,249.81989485818335
13,11,189,21,1,6.712635286614295,222.06874024175244
14,30,265,38,0,5.693134797482179,427.0058451586154
15,38,197,42,1,7.2598506304567305,330.9448986993882
16,29,240,27,1,7.57837091925159,438.1513412286106
17,22,166,32,1,7.4578187822495865,245.13171259358535
18,64,259,26,0,9.623917336472434,577.9236885613004
19,60,351,38,1,8.323386292497279,739.3017244000958
20,89,364,39,1,9.507226549667728,691.941231776894
21,54,250,40,0,10.41637633291188,437.52166453328374
22,94,356,37,1,8.642938574319158,849.3055529705442
23,14,232,24,1,5.2890598717480115,323.31570240824834
0,24,189,21,0,6.180742037741895,270.8747971695698
1,16,88,24,0,7.936870603178535,174.6300312472317
2,30,133,22,1,7.993896675549699,248.01794597421213
3,12,129,44,1,5.506468669231531,199.68347784302284
4,6,100,29,1,7.239761386099886,126.88307366328334
5,17,124,32,1,7.57661450020848,238.147477234814
6,5,225,25,0,7.66747189505433,254.92852594299967
7,14,233,20,1,7.800260000000563,330.73473857793437
8,22,176,28,1,7.978369256503853,329.0566620643791
9,32,191,38,1,5.419220330569897,318.075142956677
10,33,150,22,0,5.312050826076449,376.01127160129005
11,39,189,41,1,6.305984997236187,344.83745609379775
12,36,278,26,1,5.763700164633901,441.1480045212141
13,22,264,23,1,5.883098216034977,377.7934469140063
14,12,247,26,1,7.0392396818930045,309.1315706796202
15,34,190,26,0,7.525522523040422,358.5010224894367
16,22,166,26,0,7.910011564097617,296.88371477432867
17,12,297,28,0,7.530648777986104,358.96199151375197
18,72,285,37,1,9.14432374826481,731.8121497855184
19,71,276,24,0,11.431227041386435,745.537306796734
20,70,360,26,0,8.837457504370281,844.4144992666781
21,54,355,24,0,10.777934251405844,632.9599195076102
22,69,338,44,1,8.691337442106665,728.789750380628
23,24,291,41,1,5.734171491624027,411.2326349826596
0,17,272,39,1,7.352885470022555,390.4581461680629
1,19,115,37,0,7.214743603540676,242.85769180110992
2,39,117,38,0,6.856518367197747,374.1860745651795
3,19,106,40,1,7.8380770722833075,188.60506073582565
4,22,109,24,0,5.1499155795187175,180.5129507937382
5,34,102,34,1,6.585574652205424,211.94424196056207
6,17,154,26,1,7.8786751193651465,243.87105645549434
7,39,277,25,0,6.99302539598425,437.6294257986933
8,5,284,34,1,7.937351955996986,306.52799312969273
9,17,253,24,0,5.673155111117565,316.0970745790248
10,34,263,38,1,7.048428734983766,418.41228532258367
11,26,212,29,1,7.6557643022091,375.20673876311355
12,32,155,31,0,7.870425822203403,370.2269801168703
13,28,247,37,1,5.947634621426986,378.0208903651371
14,34,170,23,1,5.779080243754855,384.4355608223845
15,9,225,31,1,6.218910752757937,272.1401876715638
16,6,223,22,0,7.205829298102476,241.99872652710908
17,27,266,44,0,7.410506874039417,425.0182220092298
18,65,288,22,1,10.617932965163169,571.5872489904924
19,49,426,35,1,10.705982435130792,689.8707431862329
20,96,315,37,1,8.193978414164174,922.6594844211673
21,73,358,40,0,10.196381570656005,744.7708355907082
22,50,315,21,0,9.730498560040292,526.4129479977569
23,16,281,41,0,7.764497791921514,379.02048953887413
0,19,181,35,1,6.0647495247127985,293.03999472493496
1,29,83,38,1,7.096343229868525,208.741648776751
2,37,114,40,1,5.224148171342123,311.0741446685897
3,11,105,31,1,6.491616336577282,164.87622435123365
4,33,114,23,0,7.236818150920322,230.1532818689506
5,17,114,42,0,7.066819591203339,185.37128306565825
6,18,197,30,0,5.734156016854778,282.1655248928181
7,17,255,43,0,6.751898644465899,370.313268758164
8,8,213,41,0,7.263612622872949,247.5325565507029
9,20,278,30,0,7.997465667968893,372.4676992689573
10,18,165,29,1,6.358181479469977,270.03304618451784
11,30,208,32,1,7.540918272587307,326.3206316770827
12,27,249,21,1,7.0332083180734335,333.1346642082772
13,35,168,39,1,6.169295070183412,399.9159850338548
14,39,159,43,0,5.5880775960456,312.22705473301636
15,13,157,23,0,5.43417095567958,239.2798191295006
16,15,183,34,1,7.997422595889013,234.8254555898896
17,38,192,33,1,5.4078468237111075,416.237372997839
18,83,368,32,0,8.800464382527188,776.9636264062342
19,85,304,29,1,9.61740038269798,797.5178168011652
20,57,379,34,0,9.832254469521589,636.4731550273402
21,43,392,22,0,11.210562068848116,663.803122265956
22,98,429,20,0,11.782054789717597,862.16950446479
23,11,160,24,1,5.457837049372723,216.14741943843987
0,14,295,23,0,6.698875455617808,347.9337428779276
1,34,140,32,1,7.448526711068011,262.8714513384648
2,21,137,44,1,7.003654779217004,212.07215622261643
3,5,107,24,1,7.195677413483899,129.35528113956343
4,23,128,22,1,5.734536850977221,236.53286754523734
5,10,116,39,1,5.361406546290088,156.30546565447395
6,31,276,34,1,6.755729817011057,410.3490480576853
7,17,257,20,1,6.2533801114537155,375.3170387580463
8,24,180,44,1,7.817943167717747,270.7467515305866
9,38,299,42,1,7.25993973928483,415.8795934311228
10,27,158,39,1,7.864837653752324,341.37973858881475
11,32,266,23,0,5.893914513115198,392.2409863708494
12,6,253,26,0,6.59950005063012,294.270851654757
13,33,215,30,0,6.449875411374046,393.91082137377987
14,27,246,35,0,5.922975654099536,371.85077064105747
15,11,288,35,1,5.644726996725478,347.3955883990934
16,20,274,37,0,5.425951533652655,369.2809232910255
17,9,208,36,0,5.8102775765901615,239.84577502265142
18,82,388,29,1,8.295128262898555,947.0004668339669
19,66,335,28,1,11.82574072589897,571.4352895426438
20,42,418,37,0,8.931704298183867,665.0795178595203
21,40,297,43,1,11.01941771591305,512.8779175515049
22,81,325,39,1,9.783911759952362,617.8989409121564
23,32,264,29,0,6.670863205229054,403.10591736321055
0,23,248,25,0,6.145357756887355,404.5949352548153
1,25,119,29,0,7.982060417692024,283.15695185206744
2,26,102,37,1,6.27454865446312,251.6815134274091
3,36,80,28,0,7.847502624037267,220.90941830669854
4,37,141,28,1,5.85157658931221,317.423449231018
5,5,91,36,1,5.381946580989207,123.00847259305233
6,13,253,37,0,6.5142459118564915,326.6736556318205
7,11,257,36,0,5.267633243488748,298.0330366346604
8,8,223,22,0,6.907424980239147,265.3089795398115
9,12,253,26,0,6.558831368938525,315.7679441589349
10,18,186,41,0,5.2116016341859,304.70161145767247
11,20,265,41,1,5.116798185549235,346.58252552997
12,7,267,30,0,7.0500422379187935,296.5999069612814
13,8,227,27,1,6.273660365942562,259.6465798172458
14,23,274,25,0,7.406693558142123,416.0545454484118
15,33,295,44,0,7.24412853972583,453.9740208305095
16,5,299,41,1,6.456800912973206,333.22166616398124
17,28,154,44,0,5.89262950117573,249.8692605667646
18,94,315,44,1,10.364220353274217,757.7968057729086
19,62,448,43,0,10.518990549687794,808.3619136154559
20,62,391,32,1,9.89363444287253,743.833201281411
21,59,411,20,1,9.285345083361728,658.0214310189435
22,54,259,41,0,10.152144097542351,607.7194635998039
23,33,259,41,0,5.13610540451977,446.5694293474729
0,17,191,31,1,5.846248969176611,271.17665447675074
1,26,137,20,1,6.268294931431912,269.7523559136057
2,19,123,36,1,7.317038681142503,251.8166280404501
3,15,119,32,0,7.10565542168542,182.2433575590038
4,25,138,33,1,6.150132179248659,290.68776236508523
5,15,101,37,0,6.309525903820372,181.36105307582957
6,11,153,35,0,5.567421216017747,222.55172525174316
7,18,218,32,0,5.561209621647683,283.4374013129867
8,39,229,36,0,6.3856766683072745,399.3104624494905
9,29,265,22,0,6.135056839633978,395.14961206513345
10,14,282,43,1,6.7773750766540015,373.14098112390707
11,28,213,41,0,6.33150071038694,373.2704461831478
12,13,155,20,0,7.471934690542852,198.6722338691301
13,17,244,25,0,7.01810883775495,343.7528292290764
14,32,193,38,0,6.255359494488122,360.9027611812558
15,32,234,38,0,6.610637095422295,447.34969832185584
16,30,194,38,0,6.023685470724933,294.48355012909246
17,38,239,27,0,6.0339069143061,419.42766188436184
18,55,372,27,1,9.918705007892378,542.8352951540992
19,80,267,28,1,11.643691373831142,683.9603557186632
20,77,405,38,0,10.206355742725176,682.3703381014657
21,60,398,29,0,9.691217836089768,666.0808266974611
22,96,308,31,0,9.599762662730289,797.268603990973
23,9,294,37,0,7.415914826101705,325.5012653981767
0,35,181,30,0,6.882891987795144,310.1608692140484
1,25,121,34,0,7.109373651833531,260.3338704081422
2,19,133,32,0,6.868208395203358,239.7949943687523
3,31,80,31,1,5.485890407473421,239.097424850475
4,6,123,33,1,5.845571110830144,153.37550989765205
5,12,95,41,1,5.035551277714665,151.59724197377847
6,11,271,23,1,5.530207942442722,341.5146121091426
7,22,190,41,1,6.20600436571779,315.6836106337355
8,20,150,23,1,7.3558277275336765,232.98036938521676
9,15,253,40,0,6.426359890003862,343.56336036984703
10,39,265,32,0,7.524563341510348,479.6740067282458
11,36,253,37,0,7.960361905291936,397.7201222645723
12,23,269,25,0,7.166275963718103,417.3675882150367
13,35,235,35,1,5.448782878996138,431.1328936717121
14,22,207,23,0,5.524511703230747,275.388675335582
15,39,158,24,1,7.0963901836024155,307.12506036549894
16,35,172,41,0,7.0521858961739206,292.7666495429369
17,21,199,28,1,6.835351318809966,265.335976981245
18,84,270,31,1,8.381391466529331,783.0683727925248
19,77,258,35,0,10.484698297074107,674.8452347239372
20,52,301,26,1,10.311022278655347,550.9814432173332
21,74,283,24,0,8.122858448501063,604.4117746937204
22,93,312,30,1,9.9068755826013,773.4031459361565
23,30,296,29,1,5.864497112858824,499.8659675199044
0,36,235,32,0,7.259208371076818,366.9769597485203
1,8,138,34,0,6.300935658246923,187.32463451648778
2,33,95,37,1,5.6191639481440285,309.02096461953704
3,10,129,30,1,7.604370203495282,160.98643120594895
4,25,123,35,0,7.6443234801759665,296.44842992578424
5,22,82,25,1,6.106934862496843,211.7586243652333
6,7,209,22,1,5.0169859666096865,246.51806020226633
7,24,186,40,0,6.5835036080670495,261.0005012557224
8,34,272,34,1,5.211951201326377,422.0468874703028
9,38,269,39,1,6.10535783201232,532.3580147330712
10,27,214,44,1,7.785885326534933,338.4525014799322
11,21,269,20,1,7.116125946984663,406.8923889760837
12,6,272,21,1,5.114478063180261,297.33079265875335
13,31,174,30,1,7.461378453269519,346.92413780131824
14,16,289,33,0,5.683875225677173,368.5467677528562
15,19,202,26,0,7.951731273835998,302.54570446217895
16,7,257,25,1,7.120275950911076,283.5450536044307
17,34,200,22,0,5.090960480870973,430.3811743773626
18,60,286,43,0,10.384674208837358,640.5831364536897
19,75,313,36,1,11.785062415794366,667.7739651924712
20,46,361,20,1,10.696748471053041,614.2273187496164
21,97,319,35,0,11.854278566531216,932.8292627113786
22,73,272,42,1,8.166189321874494,688.7674538411313
23,7,217,32,1,6.366178222529358,248.1852375761973
0,21,209,24,0,6.845660159110589,312.5611144217492
1,29,142,25,0,6.980458242934078,229.18034132109852
2,17,126,41,0,7.167883095969868,181.61678424036535
3,30,139,37,0,7.249297244914496,331.60232253360346
4,10,116,25,1,6.294677223532527,184.80208498483745
5,11,125,22,0,5.243220553903086,196.5436268089386
6,10,296,24,1,5.976492428964973,353.8914512059979
7,13,167,39,1,5.024221066558802,239.38161952612887
8,35,254,41,1,7.03280671207574,412.95077863223986
9,14,196,43,0,7.008506284714942,240.7270951187436
10,28,216,22,1,6.428961092244277,378.23587733089516
11,27,221,40,0,6.678019801893674,404.66814722704817
12,14,198,24,0,6.409250130962501,257.06027106228674
13,34,226,28,0,6.069491745005926,396.0500759025231
14,33,247,24,1,5.447941016734449,397.8455258490894
15,28,233,34,1,6.645039143393378,403.3764409954846
16,6,196,40,1,7.202564771225491,227.1109952218168
17,7,255,35,1,5.885247096542307,296.33128109105
18,78,272,26,1,9.225145144922877,740.8376166127409
19,57,375,37,1,11.159863585252193,676.0687344008371
20,51,321,42,1,11.325484995201196,512.725943267691
21,49,327,21,1,10.20436944022507,553.6377686179983
22,47,413,37,1,11.814454299734976,704.9891541804332
23,37,220,43,1,7.423312355914803,358.20015801236275
0,13,230,43,0,5.0124553287808125,282.19960657533767
1,27,143,28,1,6.244547554517536,276.2438202629545
2,39,119,36,1,7.605980010367217,274.6981320094004
3,34,149,32,0,7.656328679305848,357.2843404997839
4,39,135,34,1,5.502676452011862,383.5228062492814
5,11,139,33,0,7.249846032691083,208.853000660947
6,37,198,41,0,7.708159039469499,311.1480625881214
7,38,180,39,1,5.034661155935462,326.496329192079
8,35,195,22,1,5.95131496612094,342.58080584954183
9,14,201,28,0,6.313594375160835,269.2137141440878
10,24,282,27,1,5.798297002579796,449.8231969170331
11,37,256,24,1,6.772021728023928,432.1214375282924
12,34,173,42,0,6.888444954524316,377.7873295814194
13,11,182,35,1,5.688258395629748,234.06864164976875
14,30,240,26,0,6.7885663922091055,415.5028056540441
15,32,271,23,0,5.75973006604557,434.67690863946336
16,19,167,35,1,7.990233376009194,293.08415119328396
17,31,222,23,1,6.5502266296769065,377.5730143735335
18,75,305,41,1,8.220346312998938,603.536806027331
19,51,347,41,1,11.95877573277175,598.6710431953306
20,68,342,26,1,10.774557021785569,628.4960306744711
21,76,267,27,1,9.212457415179008,784.3410330716866
22,66,294,35,1,11.393940019531641,618.0724357677536
23,30,159,38,0,7.685515652982243,338.89587941540606
0,5,283,24,1,5.3031697775664295,310.26253237848334
1,27,88,40,1,5.7794165736166,246.19712873304098
2,34,95,20,1,7.188242477873581,248.89073762043287
3,11,149,44,1,7.875164118882575,203.98262309040004
4,24,99,43,0,6.255302775087026,195.0566438638795
5,16,140,38,0,5.991447147912203,196.95711188894396
6,13,227,27,1,7.562349295396805,305.9639693678018
7,32,176,22,0,6.6888776775821155,338.70912733670957
8,31,166,21,0,6.6060534724110065,377.1116416764952
9,16,296,39,0,5.359747757077825,371.2483427502873
10,11,211,31,0,6.145298513421567,250.16609215035334
11,18,184,22,0,5.272815890064879,248.12670810338838
12,29,267,24,0,7.452945531984323,447.78187675626043
13,13,288,36,1,5.742087791955738,376.23570579150885
14,16,206,20,1,5.805049865830039,305.57573283342674
15,26,175,31,1,5.213189826678908,263.5164266311344
16,26,177,30,1,6.044656431036573,255.8986876422348
17,11,198,34,1,5.429475724589266,242.4477607690457
18,58,326,34,1,8.89977107718861,551.921484764405
19,60,387,37,0,9.01509763452919,629.018829529306
20,58,330,30,0,9.599583825546583,731.1417146459557
21,78,382,44,1,8.228997216117381,855.4440490009462
22,77,415,41,0,11.089200076115963,865.2257690302656
23,21,206,41,0,7.9180791185182,330.22866239979624
0,22,156,27,1,6.780987147211375,263.18680519430404
1,10,120,20,0,7.439279362314695,150.80644454590535
2,23,129,32,0,5.48649424533197,267.8727908084211
3,31,96,22,1,6.201971991604903,290.99283624907866
4,21,138,20,0,6.344899916704489,266.48080176449514
5,22,86,32,0,5.98774571928769,164.012205130229
6,33,208,26,1,7.639469194797526,366.7852972754878
7,28,248,25,1,7.7971261857447764,365.1010211440425
8,9,159,36,0,5.157243709071189,188.78919792952644
9,6,154,28,0,5.0231509851347385,178.46636414218418
10,17,191,26,0,6.979984998734133,272.6073036187115
11,9,262,27,0,7.063900811629249,321.4215665301819
12,36,276,32,1,5.132219121496638,487.6479932694034
13,29,275,26,1,6.766882099465592,391.742790431047
14,8,240,36,0,5.739510355994806,279.88795841897
15,39,155,30,1,6.060871240216821,373.02963550306157
16,15,227,20,1,7.776266390648475,314.62497742031593
17,34,293,44,0,6.200524844007198,397.6268721861413
18,61,422,29,1,8.803671367450214,720.9569928366402
19,73,276,33,0,8.24331197281027,686.6810750081577
20,63,264,27,0,11.394935133731995,557.3019240170847
21,56,431,21,1,8.51141293323523,615.392629848625
22,48,301,20,1,10.43035443208576,473.03998532719334
23,19,297,22,0,5.206298615887982,386.58984441926293
0,9,172,33,0,6.559623050505769,234.50468141065616
1,31,111,35,0,6.302451968330781,266.97132588497874
2,15,130,26,0,6.616414780070208,232.80878521489322
3,31,114,34,0,5.6491854456860775,326.53444578577603
4,19,111,41,0,7.838697777931827,170.2703362891517
5,9,83,24,0,5.024155446988124,139.85392156378225
6,19,171,22,1,7.934983922232696,245.49567777856578
7,19,236,20,1,7.385582674458887,314.57253991647394
8,25,184,39,0,7.655486247539809,348.9605677309639
9,6,165,43,1,5.8931633581224325,190.33386530479015
10,35,259,36,0,6.6746505346260525,500.2757958186933
11,15,205,30,0,5.031666693068574,251.60822632461782
12,31,163,31,0,5.997371532699538,359.46946191779773
13,16,284,27,1,7.052815696751345,384.8286020740942
14,32,206,21,0,6.059719599821214,339.40214816651223
15,30,245,40,0,5.065184983078342,360.9445883268406
16,13,254,29,1,5.0064589806037,303.6886803123834
17,13,255,37,1,5.99527842055389,306.4452452756461
18,61,443,32,0,9.503913954260723,812.9062055362069
19,53,302,37,0,11.344078967012788,484.14903979121607
20,59,296,36,0,10.773846689126245,512.534484095648
21,48,394,30,0,11.05720389791113,681.3590496601848
22,62,324,31,0,10.922162395803696,647.9065100617574
23,29,223,42,0,6.374574835479119,330.71669158275625
0,36,184,41,0,5.076212060538399,364.92904947308284
1,10,108,21,0,7.162893562458102,152.53587389902077
2,7,114,44,0,5.954310062317438,142.10531326828234
3,38,100,41,0,7.793918002214372,256.897571310814
4,8,132,34,1,5.09406154550741,162.10078872796703
5,28,120,40,0,5.130258472917767,228.0618376082656
6,24,292,35,1,7.7854955205932646,433.5901742999914
7,22,261,44,1,7.146082110113105,340.08229426715025
8,5,239,43,0,7.702850912840601,258.19014570990026
9,28,206,26,0,6.188240396868935,364.2762147621062
10,22,244,21,0,6.209616256127581,369.39412242166384
11,20,188,26,1,6.215231160275618,322.08238040026527
12,32,196,37,0,7.418839666739568,328.34494841996246
13,35,229,23,0,5.228790991249627,354.66903702724034
14,37,173,42,0,7.7100038340659856,343.2838134974845
15,11,250,37,0,6.941838002972839,296.69033806892327
16,15,201,22,0,7.049890055969877,253.4013703296905
17,17,161,27,1,6.72101530601234,271.18627513288834
18,78,298,40,0,10.361967879134628,778.0885045791204
19,94,298,39,0,11.767018054575544,594.4580322402171
20,65,404,24,1,9.324696025766958,717.4507759489231
21,68,343,26,0,10.940226579660486,719.5801802738092
22,77,273,24,1,9.276141345696393,510.1572667924121
23,27,217,28,0,5.450611244778399,320.31088116750294
0,23,217,34,1,5.7174742249669785,346.15204250087123
1,5,127,37,0,6.552643043561748,154.07630336078145
2,13,97,29,1,6.236504965787898,156.93429167761457
3,5,130,40,1,6.251999135758784,150.5924191749589
4,17,110,22,0,7.960231933713896,206.25908443656664
5,13,142,33,1,5.430100141260668,189.89311407030533
6,39,195,20,0,6.371637880694805,382.79303970922956
7,34,274,38,1,6.5409371255507525,402.72224799594994
8,25,273,30,0,5.120737793645876,382.73579172776954
9,8,152,30,1,7.835908035957473,186.21924579784388
10,14,278,28,0,7.303386989556988,350.2222765707037
11,27,259,26,1,5.584104799639857,361.9701007468704
12,15,193,44,0,6.05613330068514,292.01758992207976
13,19,216,40,0,5.715877279094886,328.5645151819137
14,38,160,26,1,5.028480904437728,313.80089695308607
15,38,250,36,0,6.3344863852067625,437.278729917354
16,6,188,36,1,6.857940867220551,226.1717858467743
17,37,174,34,1,6.956055055869424,337.6488414761789
18,87,402,30,0,8.485322489001392,965.9978900360102
19,53,397,34,0,8.794098929353316,569.1165293015733
20,49,373,27,0,11.085536274706307,641.7247046640955
21,70,422,26,0,8.214745330010935,674.4967544525892
22,97,364,34,0,11.996496266800765,748.3222481929142
23,23,179,24,0,5.396381176249116,263.4304470459312
0,34,224,22,0,7.417744528527505,343.8724736626684
1,11,84,44,1,5.6556601568139495,127.53631340114697
2,11,103,38,0,5.305754055102973,176.9672692685529
3,37,116,25,1,7.433156312770164,254.05414568832717
4,27,103,42,0,5.5048069503444665,247.6171735817243
5,22,91,40,1,6.381118476564973,177.17708577643282
6,12,256,23,0,5.597100334936005,321.028330475734
7,22,173,44,1,5.782254419735277,277.6042177704516
8,28,218,35,0,7.568167690999086,388.9180869158747
9,38,161,40,1,7.785895591309617,330.88482509918845
10,22,202,40,0,7.834546470273026,273.5372286097421
11,5,295,29,0,5.939601628528676,318.1914821460182
12,34,285,27,0,6.208248342448289,437.6656143020832
13,16,236,38,0,7.903891693620812,301.1769528797737
14,14,200,29,0,5.451606599893716,268.40887270431887
15,11,196,24,0,5.998633259214207,271.2379879444755
16,20,224,43,1,7.83040787195564,346.1948959543768
17,19,261,36,0,6.1517167054113235,319.14921555313555
18,63,413,34,0,8.219115853671795,693.4672220758532
19,46,374,36,1,9.933281005350372,587.0789829065724
20,69,373,32,0,8.662131141125936,737.7955385484479
21,51,387,20,1,8.986254149730067,699.4498070815932
22,76,335,24,0,9.395264760298751,726.336188239676
23,35,285,32,0,7.701712015013733,505.4095930092908
0,29,156,30,1,5.371845298162474,320.9952483970469
1,5,139,35,0,6.609596447555103,164.01774347253613
2,27,123,32,0,5.0462377975213935,232.78324715250454
3,28,107,42,1,6.4043958752859265,199.60272412779148
4,38,84,40,0,6.2151322414583925,332.2070439594655
5,32,145,28,0,5.026248887465733,311.51632642172956
6,21,150,28,1,6.082864564108919,237.8156563376004
7,30,255,24,1,6.07754716427848,385.22684831443985
8,18,196,44,1,6.21741042469446,266.9307197330565
9,31,237,25,0,5.361841918830978,433.1993985743916
10,32,220,42,1,5.571229978318187,379.74159987234566
11,18,213,36,0,5.344830590358927,304.1970054932529
12,21,285,32,0,5.812675676114798,414.3237837159924
13,9,198,25,0,7.50354726068833,260.63867212226205
14,25,220,21,1,6.46131909081228,368.8107897446689
15,30,282,44,0,6.352972068306535,388.974983937553
16,25,255,42,0,6.062979829983599,375.4613300657667
17,29,262,38,0,6.545585687181077,432.1119577272724
18,86,380,25,1,10.966757203160423,868.1262710240799
19,47,395,22,1,8.470032915030998,613.2979714679884
20,49,406,28,0,8.42395254302571,620.5248619684739
21,46,423,33,0,11.318799210496401,626.9478602749999
22,76,402,44,1,11.797866346571404,767.035805838089
23,5,264,43,0,6.247067985487321,282.8201799392519
0,12,247,20,0,6.850627447694458,295.7235361770993
1,33,102,22,0,6.075600115531864,227.13024162295824
2,18,85,33,1,5.236798450044426,143.0300296880275
3,15,82,37,0,5.815062457245668,141.77898665486362
4,22,148,43,0,5.477260028625769,231.72572721779915
5,13,137,31,1,7.337511685954401,219.74621354089024
6,38,283,20,1,6.88296752604115,443.7631831950682
7,21,196,42,1,5.30865418830112,341.50397634763885
8,6,297,28,1,6.445417876950561,320.17034324386196
9,21,248,42,0,6.093324457106915,388.98206601566494
10,34,180,27,1,6.09986769431945,359.4942110689418
11,12,251,31,0,7.740286399231741,293.12278161073397
12,25,241,21,0,5.728845018830946,407.0071681040115
13,18,276,21,0,7.970710097917321,347.8932084494122
14,22,203,20,1,5.712088785963093,273.4727394347198
15,21,197,34,0,7.547231250645859,295.85675409096297
16,35,254,20,1,7.58726511407665,489.11810492670736
17,25,241,33,0,6.271196193676272,369.3002669813611
18,67,312,26,1,11.70261225193936,627.6226935594425
19,95,337,20,1,8.177219693084908,658.1089751385673
20,44,336,24,0,10.219863206872999,610.5119178983873
21,48,357,20,1,9.087584394654545,678.4759677873528
22,75,325,25,0,10.001171805775712,561.3938902560332
23,8,246,29,0,7.20942543423603,283.0551159858379
0,5,150,40,0,5.058692720140566,177.72983257353744
1,5,86,35,1,7.575524790894984,117.43488346516581
2,30,128,24,1,7.333205674323125,287.42411971570255
3,16,109,43,0,5.5001658352579,193.24230042409226
4,14,82,24,0,6.392211159272601,126.60962108297439
5,28,115,38,1,5.553013923971969,282.73690945492245
6,20,277,42,0,6.206132125340545,399.8858535526672
7,20,181,30,1,5.403376248065148,251.69401336239258
8,35,218,34,1,6.153083310676423,406.2661741614777
9,35,189,35,1,5.089924853322682,316.18145792810566
10,6,243,34,1,6.43333366144379,261.8025113858457
11,11,242,24,1,7.094149381725067,276.32125827017404
12,34,211,38,0,7.3972497960929875,381.06156031707843
13,33,228,40,1,7.140343814582598,417.394821609838
14,18,193,24,1,6.507374153725854,258.3106821742215
15,9,267,22,0,6.540702790341982,295.09929818669184
16,23,294,21,0,7.202200650861757,441.3737060474673
17,38,298,36,1,5.155152272545587,513.048166510396
18,50,260,25,1,10.104649930862147,525.1747954013008
19,55,342,21,0,9.105449785291293,623.9900007177953
20,42,359,34,1,10.511991809701978,571.4278681877468
21,58,422,30,0,11.127994241287603,810.519460993989
22,80,390,40,1,9.842641012677813,894.406213700071
23,23,217,23,1,5.845343818562178,367.9261594940092
0,13,277,29,0,6.242997464610006,358.34588762704584
1,6,94,42,1,7.362310896188681,131.53356139247654
2,17,123,23,0,7.814897961727834,200.76403631235235
3,23,130,35,0,6.069857917751006,284.3588752780338
4,18,138,20,0,6.186263342702925,206.99978616855876
5,17,122,35,1,5.178781628471063,196.95211623947932
6,5,216,37,0,6.391373311549557,244.66518737221836
7,10,241,21,0,6.7898650214131475,274.57646290729656
8,33,298,37,1,5.230013721298917,500.6370356109651
9,13,291,32,1,5.499537613548446,375.5879766498616
10,27,243,41,0,5.987428972321567,377.81852297576
11,39,254,29,1,7.913233408384036,501.61076093520114
12,21,267,43,1,7.645903671952473,397.3655961006241
13,21,230,27,1,7.830838343545642,320.83271141392504
14,7,275,44,0,6.800603289940719,319.52412967524435
15,30,216,34,0,7.899605519875795,307.8014015672644
16,26,232,44,1,7.711441685961752,363.67152794866143
17,35,269,39,1,7.595244646987739,459.2686499355225
18,57,261,43,1,11.1532566482202,440.60110449829034
19,90,276,37,0,10.272508918732278,823.3908567234201
20,89,431,29,0,9.467859249129056,1016.8682903549749
21,82,395,25,1,11.424196789391452,805.2147094512379
22,84,324,35,0,9.423266849156235,706.4710478231548
23,18,225,30,1,6.7603276717852125,296.3427272789553
0,27,154,27,0,7.151408005688298,272.61861613527367
1,17,85,23,0,7.713925747301878,170.18082125708082
2,7,104,27,1,6.96054825557406,138.82714043116346
3,21,94,38,1,7.597834196353807,206.42934672056268
4,20,111,40,0,7.628948334752388,241.91595106217983
5,28,101,23,1,6.411217485875758,264.47500032825576
6,6,237,37,1,7.289890277662934,268.2715163424935
7,10,222,30,1,6.404163381560041,261.2947537433458
8,9,268,34,0,7.083164908156344,298.10972968816026
9,31,181,33,1,5.288568656269544,337.08352292962377
10,30,225,40,1,5.359348073986541,382.71202750829195
11,18,200,41,1,7.971218771746799,272.23460939373444
12,39,245,32,0,6.515677641476991,491.79952098799606
13,36,212,26,1,5.969424452519181,343.0693873545888
14,18,281,33,1,7.244680446954181,383.9984306751016
15,24,200,39,0,5.600120998807858,358.7227517725686
16,20,206,22,1,7.169200963860023,335.24133541893144
17,38,204,27,0,7.00982536874663,431.20895334832835
18,55,407,30,0,9.823191052610794,629.2647946382344
19,44,383,41,1,8.197658127253513,606.9683812822622
20,60,410,31,1,8.51414281679892,660.3995484839525
21,53,250,23,0,10.879558015031577,599.0423078296278
22,49,345,43,0,11.412211153015832,562.2853667746075
23,18,210,41,1,7.686562048633535,288.8737142042318
0,22,290,37,1,7.5060076471858075,417.55955103283173
1,24,83,28,0,6.699157713437384,180.20895854823607
2,27,109,30,0,7.907461858880529,261.7645855301768
3,10,120,39,1,7.45490137277153,152.4041333508017
4,12,117,38,1,6.957413071632148,154.05443685499063
5,24,130,44,1,5.98863795038211,216.5306604761856
6,27,201,43,0,7.412909461266604,339.46643890737084
7,23,287,42,1,5.572339181061707,416.6667177178094
8,33,253,40,1,5.417085704819245,434.33824922649626
9,12,274,42,0,7.129904981376582,352.9600059361709
10,31,237,23,1,5.5060919118855125,420.2307688149042
11,14,237,36,0,5.925790302307996,290.1706805562294
12,6,189,29,1,5.195495842750832,227.01064236321338
13,39,273,32,1,5.481707418486972,541.6205836251231
14,13,226,41,0,6.144060992406514,295.472611970871
15,19,227,30,0,5.819746693713894,310.53511694936304
16,13,209,24,1,6.8013709603935375,296.1512478282462
17,26,190,43,0,6.154121182574598,360.84943852350125
18,79,406,24,0,9.336450778920963,661.516395252597
19,54,329,41,1,9.030950438927619,584.1735894282165
20,65,410,33,1,11.44401059860738,840.7142895572129
21,64,356,26,0,8.45063386734516,787.3674981787494
22,46,377,30,0,8.636565056075302,671.9426295231594
23,13,160,30,1,7.037319005853537,207.85896005862742
0,17,294,23,1,6.978783535904142,357.9909686767607
1,26,142,29,1,7.009011377724701,278.3816721372734
2,12,113,40,0,5.403354007501431,172.11862186340934
3,38,108,21,1,5.446489793180668,322.7182347502461
4,30,120,27,1,7.8567588322131146,227.75922325170012
5,13,110,20,0,7.059573004898951,195.9032889665418
6,23,164,25,0,5.497008065299925,233.24578433329697
7,13,204,23,0,6.437890953959613,273.6136242015816
8,30,223,20,1,5.576940081965082,387.25163184636074
9,13,198,35,1,7.749091293300875,287.31545537166846
10,8,151,23,0,6.196473157574886,181.41174070241362
11,25,172,33,0,7.482124111406923,331.24500637975945
12,26,217,20,0,6.6893108636851935,297.96141539835736
13,11,206,43,1,6.994891349174753,282.5376823164708
14,20,277,31,1,5.686260519981442,340.22869422084455
15,30,197,35,1,5.633414112923554,304.2350920662837
16,23,281,34,1,6.760402166352298,365.7881295360386
17,8,285,29,1,6.172191131322443,330.8250018926672
18,54,278,43,0,10.747358240255979,557.0115382121261
19,43,265,44,0,10.258322915561127,399.59688356402967
20,95,399,40,1,10.01957920135259,983.4105669543524
21,88,429,44,1,9.901363012148778,751.5885268151236
22,94,341,37,0,9.714461406299867,633.8413405939153
23,18,229,40,0,7.3014887622257785,318.76587467883195
0,19,251,36,0,7.231716757264682,374.0425258211109
1,17,104,33,1,6.534670932334947,198.9462739194015
2,18,131,32,0,7.949121114163123,238.82830811357582
3,28,110,24,1,5.477374353186274,215.3612910919047
4,25,114,37,1,6.030127999758797,252.09113800959318
5,13,92,43,1,5.3119819494621945,158.04262765034008
6,13,289,35,1,5.137538864091822,336.9065587374963
7,36,171,23,1,6.232443460783781,367.87234873565967
8,26,227,34,1,6.501946761413992,337.2118653307322
9,18,248,34,0,7.570333007635329,357.9439224644718
10,16,165,35,0,7.3948168427148335,276.59967287202755
11,39,192,24,1,5.495736087113022,426.3138893336315
12,32,201,33,0,6.9769584534075655,399.9565096552619
13,27,172,33,1,6.943871907427647,272.9625879445796
14,15,297,26,1,7.559700739908031,357.5687841563937
15,33,254,36,1,7.173371048843222,428.8456564152508
16,22,174,26,0,5.627592555467162,277.02052695547684
17,8,210,26,1,6.987489493467442,238.88826453073682
18,82,440,34,1,9.565995166059563,734.1150541936015
19,72,414,29,1,11.66296296679219,789.4513164579487
20,63,298,23,0,8.683884963448007,563.9882563460853
21,76,305,37,0,9.569802680144745,635.3439225295112
22,40,284,30,1,11.3096532978756,549.4553440559073
23,39,228,21,0,5.5121877376457595,424.6254423414906
0,7,205,22,1,5.053913807509753,228.74960654782743
1,19,142,24,0,5.935448817921387,204.96188462100534
2,9,98,36,0,6.466068553050787,144.8850137343316
3,27,116,38,0,7.662293239502371,275.3231628560539
4,5,142,32,1,5.743681570363456,159.7187203721372
5,12,82,26,0,7.131656687221071,121.89924764895684
6,14,266,41,0,6.9238404612459625,341.6668088375205
7,16,256,43,1,7.756372871554694,348.307311852453
8,29,157,28,0,6.3763674966578066,309.0268741640668
9,26,206,34,0,6.50959583169446,367.2893088682436
10,33,238,40,0,5.5329789541457535,450.4253275840924
11,32,169,31,1,6.507577869136195,326.6239475942017
12,39,245,39,0,7.046375919627616,459.8247157311687
13,12,156,43,0,6.322517677369496,206.0498382905829
14,9,184,24,1,5.577522065296833,238.17753424448966
15,18,185,28,1,5.847637202155979,270.5048104674649
16,36,152,37,0,6.013524061718362,342.9785225083973
17,7,297,28,0,6.694596677323512,323.14676975321623
18,98,330,39,1,10.90653266341602,679.8474448553875
19,62,273,36,0,11.59984517329667,679.6104119784745
20,94,448,23,0,9.29513954204656,991.8891509796439
21,76,371,36,0,9.862195665931191,888.3037451079925
22,87,404,28,1,8.716808380485928,896.2248795862827
23,34,295,36,1,7.41400942405524,462.6119199654969
0,39,231,20,0,6.286885498619631,413.40791482910015
1,15,116,27,1,6.3688794170942735,218.15899887526945
2,29,122,34,1,5.216464448039997,243.13708007653258
3,16,149,34,0,6.3357130876719605,209.43644415739698
4,39,144,38,1,5.869838657862336,304.6344865867445
5,14,112,20,1,6.11410356184848,207.95995937081614
6,12,211,34,0,6.597878737494781,249.45924720965894
7,12,214,40,0,5.577962493812659,269.97953018893713
8,14,249,40,1,5.272022661170057,292.45871382963094
9,34,168,21,0,7.377494779599624,405.55601367954154
10,13,278,26,0,5.646888338355048,344.9619858655871
11,24,156,22,1,6.232804991003487,311.18147393941615
12,35,228,40,0,7.107288311528249,377.52991934559986
13,9,199,42,0,7.2037662920940955,237.6923961063984
14,32,173,30,0,5.092352408512627,386.86448402002543
15,38,151,28,0,7.098171813633601,324.154537805852
16,35,164,43,0,7.562746042837832,339.2048407844824
17,28,262,25,0,6.549888534023827,377.41110001801223
18,65,359,44,0,11.04125344684892,790.9026549086807
19,53,325,35,1,9.269567158726494,676.2846806344777
20,87,307,26,1,11.761076981974568,895.2972707541154
21,61,369,38,1,8.428582743539929,586.2973653771885
22,92,351,28,1,9.46832105551193,843.4318231506367
23,32,199,40,0,6.820096423341488,305.6408302021395
0,17,211,43,0,7.871344151756556,281.92726535944166
1,22,103,24,0,5.084698514812598,232.19485604896556
2,7,141,22,0,6.837601784040105,177.7288335705523
3,5,113,29,0,6.347852071069348,136.46460814159417
4,36,116,29,0,6.99069711430681,358.84187140648845
5,27,104,27,1,6.711697906132542,185.6544702243644
6,12,202,41,1,6.703258153425115,275.084064878184
7,25,200,44,0,5.580454457884761,370.31287603538107
8,38,222,20,1,6.113041385398253,421.25390627885406
9,25,282,26,0,6.769501306446691,410.95752526606356
10,34,263,31,1,6.673621776943191,488.88943625518283
11,36,228,35,0,5.221662629131681,368.5654309139759
12,38,234,42,0,6.492452360955369,360.02774136684434
13,36,235,22,0,5.429667377135943,371.9725374274822
14,22,184,33,1,5.0950981006079346,319.443768871355
15,17,249,27,1,7.718071604046683,300.44950898909616
16,23,261,35,0,5.532744239971681,364.12863090214336
17,31,220,37,0,6.363646170958595,428.4904181196358
18,89,387,38,0,10.856348022627278,673.22103504848
19,93,343,32,0,9.575814230063195,750.887835893677
20,96,443,26,0,9.675242870994591,826.3770107067562
21,96,342,27,1,9.197475872288061,675.8802375758576
22,61,344,20,1,9.617373844118243,543.1397778682444
23,28,188,40,0,7.946524237953205,361.2712255189964
0,10,229,28,1,7.142928983590051,295.51800109603334
1,39,86,23,1,6.483298712266998,295.4098167625608
2,29,121,34,0,6.974694122231819,239.6952756164506
3,32,111,44,0,6.628332073510167,247.69877472322315
4,22,117,43,0,5.3139631376955565,183.64465640983002
5,9,136,20,1,6.842212107508823,176.0102094431289
6,5,208,40,0,5.2257590822751,232.82214951457547
7,17,185,36,0,7.521937098846625,291.38258537897707
8,37,156,33,0,7.164876637031918,326.0934668481552
9,16,279,27,0,6.052451641798035,372.6011122045304
10,9,276,28,0,5.789310821151863,305.8915002128599
11,22,293,32,0,6.250707713294975,436.23857131384403
12,18,284,27,0,6.093393737207733,393.6365174114631
13,12,292,25,0,5.82476744285771,361.28697924558793
14,8,227,40,0,5.71039966340353,273.243657266854
15,9,208,23,0,7.836597040193576,266.3378262443022
16,38,191,39,0,7.558819452653586,315.36930029473797
17,34,299,44,1,5.134282834059986,502.2289181358236
18,61,420,22,1,10.654612022761697,700.6057881646061
19,51,439,41,0,10.233376530542717,642.0037072010202
20,93,287,38,0,10.961924671388374,605.7615001321283
21,92,257,34,1,11.332444387595155,536.7108296732472
22,59,387,27,0,11.6059568764285,643.4561637377813
23,17,233,31,0,5.0348732071015405,344.5801953282811
0,24,281,33,1,5.492289353596865,435.87425158051235
1,22,87,35,0,6.512311973096157,202.97915771222623
2,33,114,37,1,6.0042637733280895,249.05645309464666
3,34,123,24,1,5.286260789170977,239.84644791321904
4,5,85,34,0,7.181337401416798,111.17740457622396
5,10,138,37,1,6.640930558493475,198.53764111804452
6,17,244,44,1,6.384016540764236,313.4281213757681
7,37,278,33,0,6.598912934978037,536.9710037254833
8,31,180,23,1,7.968492626527903,352.80289586134734
9,22,290,32,0,7.966234527959973,439.42363664482843
10,23,214,22,0,6.846863134347947,338.3558863626816
11,34,230,37,0,6.023071369659553,448.4366754979592
12,20,209,40,1,7.663793940892694,296.7055912797679
13,36,223,34,1,7.400214572264398,348.91357769735885
14,14,207,42,1,7.843791078572291,287.1908466578407
15,34,281,28,1,7.46494904718883,464.38021630784243
16,28,155,20,1,6.625373774872276,315.14161093013075
17,33,182,31,1,7.847414804354276,365.08781486267515
18,95,313,42,1,11.596048115738395,936.2703757981839
19,55,380,38,0,10.242402952454688,691.2199332297814
20,83,422,36,0,11.680404174446743,834.6151350236996
21,89,376,38,1,11.499464277828064,914.7420574942577
22,83,377,24,1,11.303002933959064,849.9128787716745
23,13,283,39,1,6.070712503696295,372.3631439606853
0,18,231,20,1,7.227381310540508,303.3883915666013
1,22,147,37,1,5.8778498847497485,239.8619145503966
2,36,106,29,0,6.548253439433254,322.7742130139055
3,33,140,40,1,5.2679648095029545,281.40877937505036
4,38,92,36,0,5.586268390475633,320.18373843081474
5,29,120,39,1,5.938930717797878,257.43467616574617
6,9,275,23,0,5.178746713748708,321.98848797009305
7,33,247,36,1,7.304347044547006,461.07720822950637
8,23,248,36,0,5.059283223632484,370.1743845915078
9,12,251,35,1,5.889885209007102,329.41754665172164
10,39,167,25,1,6.960504914143671,294.4692051732063
11,39,293,43,0,5.3841551431947146,543.1244272129388
12,11,194,28,0,5.3874235480810535,263.02458657229545
13,27,172,28,0,7.747086092540512,359.1415325915731
14,20,245,38,1,6.851908867311204,340.0515709790877
15,15,200,32,0,7.633253232443668,296.75937714301443
16,27,223,36,0,6.892188537429567,330.48421098320006
17,24,186,23,0,5.85883250918994,324.0199050138697
18,42,276,28,0,8.61458389753551,445.77865134844814
19,67,444,38,0,9.264356453826954,896.5734857690402
20,78,433,28,0,10.206729692299906,718.66466910885
21,85,427,43,0,11.053319477931028,861.5463154261922
22,56,435,34,0,10.509599821639602,801.4816696909471
23,16,270,33,1,6.33861026306691,335.0366550923507
0,16,225,42,0,5.285552040678422,297.1402494201449
1,10,124,44,1,5.796167961152612,166.4000833868434
2,33,80,24,1,6.66564386802738,187.99775002828548
3,34,90,22,1,6.973159872176018,280.8531402219587
4,10,123,27,0,5.382013012714805,184.75890066320235
5,7,89,40,1,7.899465608213561,130.16310302000502
6,15,220,31,1,7.126092700361002,273.57216256992035
7,13,170,34,0,6.718860037327572,211.96223234995256
8,17,162,30,0,7.097314063428081,259.27796494268944
9,38,203,25,1,6.812130796664267,340.6252482981
10,11,216,30,0,6.816371522011431,271.45313511832745
11,8,235,38,0,5.6829071983698665,262.684363521704
12,25,219,26,0,6.107511926701724,305.12379410570026
13,21,274,20,1,6.133760352651494,399.936483168418
14,16,204,22,0,6.2013054834009065,255.2100070985215
15,18,248,43,0,7.8809759226826515,347.26005694312704
16,26,208,40,0,7.489439820996739,344.0018138410564
17,19,285,23,0,7.471988380299408,347.8487903262275
18,58,445,42,1,11.731234116662513,747.123278499218
19,78,291,28,0,11.372249216679542,791.4561095028243
20,70,380,21,0,11.163216767619666,719.9317989952426
21,52,385,40,1,11.235785938118358,634.4707950657468
22,90,449,34,1,10.732300731312327,872.1954043194337
23,37,179,34,1,7.509847653567463,433.1733307434489
0,5,265,22,1,6.012849037713129,284.4087765386379
1,36,124,24,0,7.348397649680264,282.2047382034142
2,38,140,36,0,6.860792939530092,343.3329782144002
3,9,119,32,0,7.044632086600831,167.48008174045654
4,12,104,30,1,6.516266635219516,148.0583350420523
5,16,82,26,1,7.820884045688672,160.45727211624143
6,31,169,22,1,7.339697901686694,271.75847977384467
7,17,201,29,0,5.49404497947611,260.2219765604745
8,24,194,26,1,5.391704557838222,351.7708964369905
9,7,164,32,0,7.213448001722286,194.17332660021117
10,21,276,30,0,7.833275096300917,384.57159305536504
11,36,250,21,0,7.273772278943228,427.3211443647327
12,18,288,21,1,6.825985258533835,360.5703961507534
13,39,239,25,1,7.132924461361656,475.53811264497165
14,12,173,31,0,6.304456351062004,253.31949003116148
15,26,281,23,1,6.321053861465622,391.3058819173418
16,8,290,29,0,5.599460995698552,324.3782784312553
17,33,243,39,1,7.665974277428504,430.8267529794849
18,44,315,22,1,9.248893754645323,468.4415000694747
19,69,278,21,0,9.806344390498447,703.6676174660781
20,66,442,21,0,9.112919126321412,640.2667055050263
21,46,260,21,1,11.699239394742069,581.5231551884574
22,62,431,29,0,10.47346350371324,828.4117973819515
23,12,251,40,1,7.2151424455158235,328.22671906430736
0,39,247,27,0,6.556794759683919,367.7232327333712
1,18,133,27,0,7.876951622992286,197.19303415221697
2,37,110,22,1,6.787952756679071,234.1947337761108
3,26,113,37,1,6.498751919998554,292.0241347518871
4,11,120,20,0,6.58185238341917,183.36797107366905
5,7,93,39,1,6.332400581195623,132.75792271384108
6,35,294,32,0,5.570989533078835,442.57867767762576
7,30,196,43,0,5.010233650431683,304.5868267558452
8,29,273,43,1,5.589088826741962,456.2063395041712
9,6,292,39,1,7.727377287131137,314.71312851743585
10,39,277,42,1,6.408923469822056,442.67680714319704
11,17,209,29,0,6.749102680242497,288.39886627776826
12,8,165,42,1,5.3839210400019475,192.04709078607254
13,39,221,23,0,5.192691964392153,372.52259985585863
14,23,255,27,1,6.964121838114986,373.9328996477532
15,35,210,42,1,5.187450326791801,420.7621751419723
16,26,275,38,1,6.2647417642427214,396.47380144478296
17,34,208,20,0,6.700011023238831,374.0415688043914
18,74,265,24,1,11.354916896049282,593.6003748244893
19,60,306,38,0,11.883120875268514,720.2451645989809
20,91,372,39,0,8.287051170428551,732.9108828172873
21,98,442,27,1,10.98756592108494,747.7528565985751
22,44,403,39,0,10.41395522489547,696.8378918704519
23,22,191,23,0,5.574523043077292,281.2762778172819
0,29,260,39,0,6.540320782551817,460.1976181830436
1,37,134,39,0,7.520698818425345,358.38013455583234
2,37,135,33,1,6.362189669002328,369.34689473252627
3,25,86,39,1,6.741598915103181,236.82666555490582
4,8,139,43,1,5.789673502699898,187.80298484740402
5,19,84,38,0,6.409791171234998,213.13726249233173
6,16,266,26,1,6.45989081091706,355.5941099943716
7,39,278,35,0,6.607282713300227,540.6348181591204
8,19,258,35,1,7.814237169147613,357.26989789874176
9,32,234,20,1,5.055574954071995,433.8151472093797
10,16,152,36,1,6.17447427672639,249.48480384591247
11,5,243,40,1,7.188033345989671,265.02832475359264
12,17,249,32,0,6.621116185349541,342.33107515235116
13,29,272,26,1,7.416183655644662,394.6682155532605
14,19,293,26,1,6.734973490046907,419.5943007074546
15,30,238,44,0,5.218108073107458,383.4931771450225
16,5,215,36,0,7.974671484603499,235.9193894730454
17,38,165,25,1,6.0128689747171595,279.7472797329865
18,76,404,39,0,8.584272693029114,929.7856240801252
19,77,307,43,1,11.557920787737643,832.2129220430384
20,43,401,25,1,11.621236732963535,598.0771558529497
21,91,419,20,0,9.817461273039978,849.9551646843477
22,98,352,43,0,8.169399761936678,853.9909871861871
23,31,226,36,0,7.042050224248673,361.77044903787606
0,18,294,42,0,7.549875331489624,365.38944515252405
1,34,149,40,0,5.043310744172425,318.5467697025319
2,28,95,20,1,5.247304823380874,242.90395793577926
3,16,137,29,1,6.328514957862247,242.89892848767573
4,21,135,20,0,5.241059477654531,204.1538270930049
5,13,119,34,0,7.023334089307779,206.39144747654177
6,26,255,28,1,7.944585410995597,380.61815284811246
7,12,184,33,1,7.156320848550012,222.2596419037487
8,20,232,32,0,5.378517285760679,332.3502553822175
9,10,281,22,1,5.777812755960449,343.4558177519574
10,32,191,25,0,6.839047149120109,328.48621471007567
11,32,283,25,1,6.3041684419364366,435.9253129277543
12,22,168,24,0,6.950242045603464,258.9549343139347
13,29,202,21,1,5.094303164838851,333.14434085092415
14,19,191,33,1,7.877777449253273,295.8756182933049
15,11,275,36,0,6.069102699913431,329.20424964477564
16,9,254,31,0,6.724262793080375,302.75779042229817
17,9,225,35,1,5.067643753784505,281.74771048548956
18,69,383,32,1,9.702113776923802,842.3254599483273
19,43,392,22,1,8.786839752997196,672.5451046586663
20,88,293,38,0,10.460350365119666,709.5020617126881
21,56,250,24,0,11.38684753296645,582.3020958567254
22,63,256,23,0,11.223695424220015,474.7753841553174
23,24,207,43,1,5.149051666987122,347.66196392952276
0,21,187,33,0,6.005456490739922,255.77573978403245
1,8,128,25,0,6.875610799992559,165.78826246811968
2,19,99,33,1,6.760824394971156,222.8545837086162
3,39,88,21,0,7.884640286772435,319.3286196753192
4,21,91,34,0,6.581141030418241,167.52918922337696
5,15,119,39,1,7.075502842037503,181.64398582537837
6,34,163,37,1,7.633473671136167,277.9072235842804
7,5,259,31,1,7.205134993523691,275.68369310781503
8,26,252,31,0,7.922905221179134,425.4546538334625
9,6,244,32,1,5.230411759371097,263.2948358199985
10,13,298,26,1,7.089078547064244,362.8667294745036
11,14,201,26,1,6.238583424446871,273.8419666579965
12,13,168,38,0,5.219754658698653,242.09951193698868
13,15,279,20,1,5.191763707200607,368.80566598306336
14,31,264,41,1,6.371588773001502,372.80656363429625
15,18,152,35,0,7.5043075545740745,212.24301317178512
16,25,152,40,1,7.115999162039149,238.41898305670145
17,9,232,35,1,6.222844054786659,275.0345191173941
18,96,371,25,0,8.114104756576857,924.3718531039578
19,56,331,34,1,10.051821872030073,639.0917400035665
20,57,389,35,0,11.1240275393739,587.470535759124
21,48,279,31,1,10.581225286670914,543.4914561113999
22,77,258,22,0,8.03193996077543,695.4218761507589
23,7,213,33,0,5.473313609223106,235.7740575399146
0,12,204,36,1,6.626261880817415,262.5138047733777
1,28,111,23,0,6.1470930812249565,270.93785823085597
2,24,136,25,1,6.496182166813963,215.4459120493736
3,20,105,31,0,5.648640524656758,233.3393911881622
4,18,129,33,0,6.088409512921578,237.82758045229053
5,30,134,24,1,6.309112096631928,273.58138678457726
6,34,228,34,1,7.589820838999296,393.7766970587121
7,33,188,32,0,5.353152092897203,332.1817411604941
8,25,244,33,1,5.374016611983773,382.81151252837265
9,14,170,26,0,7.962534618546028,232.8179108081219
10,7,151,41,0,7.964629861267262,198.07047606758164
11,16,175,22,1,5.528706007495052,263.5607329867533
12,11,182,43,0,5.101933975174998,254.55179698462342
13,24,212,22,0,7.691610997121426,375.12471994224234
14,29,171,36,1,6.889603945375372,320.8610670146561
15,20,216,38,0,7.7683298631811,296.5954576682013
16,39,295,40,1,6.2802255729353655,424.8848088218814
17,26,167,25,0,6.758401145606733,281.53973473567066
18,88,250,21,1,8.027300812229312,536.4493630265063
19,41,410,34,0,10.595705520929034,645.6954242627651
20,59,432,43,0,11.259364468221506,674.777450114531
21,64,404,34,1,8.374725144256645,665.8207969487136
22,73,426,33,1,10.664464952525536,792.3715984397297
23,14,199,20,1,7.4021843503650375,273.94379325022834
0,17,204,38,0,7.925672071279953,318.2075901372414
1,21,93,23,0,7.6050676500225105,160.3327904479493
2,10,128,32,1,5.173746690870447,166.03921173029346
3,26,131,24,0,6.949696702113613,263.8498106053022
4,17,136,27,1,6.375406461903003,189.25757258001897
5,37,86,41,1,5.78747793654967,252.07483756189518
6,29,298,20,1,7.600807274924919,434.9965126796615
7,21,208,32,0,6.3027054498078945,331.8532786899424
8,33,239,25,0,6.381284156168769,440.83932812007765
9,28,215,25,1,7.13082703321985,353.96635984326076
10,20,282,24,0,5.174680002569998,360.214190905505
11,11,162,22,0,6.497893426612992,203.50738407050056
12,39,245,44,1,5.002614379367291,384.91694346516863
13,12,161,37,0,5.902378413998308,221.9728499894206
14,19,183,20,1,6.0218714191180505,242.13060105545145
15,35,297,41,0,5.034801540395373,445.28023882746277
16,15,208,30,1,6.040587405383513,309.56156565672785
17,13,280,42,0,7.427994486456766,357.8003935744772
18,91,380,32,1,10.06517564697112,705.5110860482368
19,49,282,20,0,8.283849150355318,455.16372521514813
20,65,404,31,1,11.207171706249827,736.1410638125417
21,47,442,23,0,10.110719905725148,734.2985913624843
22,96,277,41,0,8.9390237902764,675.8849441204673
23,9,152,20,1,6.58347044323247,208.71580954982667
0,20,206,38,1,5.032015927951791,314.62543066977224
1,25,86,33,1,5.824546484968439,183.1550337672636
2,20,93,24,1,7.923790876919878,182.4754016565446
3,30,119,41,0,6.673742763362224,223.52076947026438
4,20,103,34,1,7.026209832139309,210.42545267689678
5,32,117,30,0,7.979806109878065,315.98295813252366
6,21,255,30,0,5.814242008772956,351.29097991520047
7,13,261,37,0,6.1080854818369685,335.19893522804347
8,30,196,43,1,5.224044811844033,289.62012202736173
9,13,216,28,1,5.492563371000716,275.14596965898033
10,25,158,44,0,7.4069887716758585,279.30557685281303
11,27,165,36,0,7.264640020253604,251.0945287444805
12,28,215,43,0,5.657414690573396,307.92228065513865
13,32,282,39,0,7.225235737573578,430.46782503774625
14,36,277,41,1,7.016208455537579,472.12450103405286
15,17,198,34,1,6.731634941752949,269.5473570079356
16,32,188,27,0,7.031504009814298,337.34579237496206
17,17,236,41,1,7.378364553890361,341.1184218742038
18,66,273,30,1,9.896314963217362,527.7070466351983
19,72,435,28,1,9.141776232161396,692.8148395884658
20,69,437,31,1,8.246412701146042,688.5281735700039
21,53,349,25,1,9.30212692044971,652.136140723353
22,96,422,27,0,8.55396404448486,1052.786534935454
23,24,242,26,0,7.222656374900762,362.167570890858
0,14,287,32,0,7.968152278253761,358.72706063583337
1,36,133,40,0,6.134837353120815,353.6062024763792
2,19,107,25,0,7.741219404600292,188.01191078295756
3,34,129,43,0,5.31600677593046,288.4379968540685
4,15,121,25,1,5.79815280894248,206.13236415724253
5,8,105,24,1,7.071709627893114,141.4299592309319
6,16,279,32,0,7.970106032843644,362.6645855360883
7,8,180,37,0,7.6481608944477495,208.82529582479995
8,32,195,42,1,5.72694448106735,301.3206106914404
9,35,227,44,0,6.922249992885807,471.55978388439183
10,29,289,27,0,6.1921669484284445,446.51170757081286
11,22,295,20,0,6.992571316121353,419.707901344257
12,37,179,21,0,6.123286462353262,361.9842746056228
13,17,203,39,1,5.777109490597812,260.5610183360479
14,33,177,39,1,7.89998952780871,381.8269861226922
15,24,195,31,0,5.088104739123008,282.63420546736404
16,38,265,39,0,7.692386524120289,456.89047755565275
17,5,240,30,1,5.391152737898535,256.6764830388031
18,66,412,31,1,10.21779133565881,793.630992257272
19,53,325,20,0,11.638012034710245,608.581778873757
20,55,371,33,0,8.477979822982508,603.0910391235068
21,63,397,25,1,8.648199882855522,652.8658716450914
22,61,375,36,0,9.536818352815985,715.7715409535206
23,5,244,34,1,5.786711681329109,270.76867209158615
0,11,242,31,0,6.095333034138159,306.8137142500645
1,5,135,29,0,7.53570494773767,160.02196540106573
2,25,101,28,0,7.516114834078516,189.4964970410735
3,6,86,22,0,7.152947056469032,125.35636989850427
4,38,82,40,0,7.528536455955783,342.0234418934564
5,12,146,26,0,7.1913937793465585,226.28116936467305
6,28,269,30,1,6.472863255687926,381.1912692886635
7,26,190,32,1,6.124344342784905,272.93897577059397
8,8,179,40,1,7.73600029728094,215.2363795544661
9,14,292,37,1,7.950079027168115,361.54404521914324
10,13,199,44,1,5.1746317486869495,267.19599871784675
11,10,166,22,0,7.0646233868405295,219.81499479401322
12,32,158,44,0,6.708648030889275,319.43097505786903
13,11,258,34,1,6.811978214082781,319.08284119684447
14,5,250,27,1,6.2617938013009535,274.80722276531014
15,29,175,44,0,6.925335557707323,314.395121307775
16,5,187,41,0,6.110899586201049,208.7352230175954
17,12,191,24,1,6.394951719395883,263.66832149269584
18,87,261,39,1,8.007309895043111,605.3794843827105
19,48,367,22,0,11.9811464472443,690.2874288159144
20,49,387,31,1,8.55086671887135,567.5206148441375
21,74,437,35,1,10.578996794613442,715.639989676116
22,80,432,25,0,10.077344843045996,842.5649379467901
23,24,160,24,1,5.535584198619342,237.74797348381054
0,9,284,37,0,5.725655538574173,339.3096581288197
1,17,125,20,0,6.235863834908805,222.7530658874066
2,8,112,32,0,7.258495441205503,149.23480072962803
3,29,130,23,1,6.816677076622062,301.64684024751034
4,36,114,38,1,6.718980915828067,357.84502135811573
5,5,110,40,0,6.21634309478776,131.5575820878747
6,15,185,36,1,5.134983213749717,287.3455959877431
7,8,187,31,1,7.956452857321257,222.7663769618523
8,23,156,43,0,6.2447453901506265,264.0548643314428
9,6,203,37,0,5.3700004236898025,242.14460845387305
10,17,231,21,0,7.682669174959676,338.2240410154895
11,29,211,30,0,7.345673727005533,302.61161005607335
12,39,252,28,1,7.185457397657837,390.76084397205176
13,11,251,21,1,6.044429150472671,311.53062007967907
14,8,204,34,0,6.893002184860016,228.39101492709185
15,23,187,31,1,7.916609554847643,267.2171623908108
16,37,180,37,1,7.499851066969145,409.48311390090066
17,34,251,32,1,7.2088708063909746,363.8960670338067
18,84,379,43,1,9.434815952638232,764.7743482985255
19,66,281,27,1,10.87216640679209,514.3969839455905
20,91,304,37,1,10.323725043798147,850.5046996367413
21,48,404,29,0,8.109175313183352,573.9706860756935
22,98,431,32,1,11.690681624697062,968.0774001546046
23,26,259,22,1,7.805275648859288,386.8396257413546
0,39,165,20,1,5.454996035726098,393.33539633441103
1,22,148,25,1,5.309811292699283,247.34629127083105
2,11,143,33,0,7.443043558041693,207.0857046374012
3,29,131,37,1,7.895840225726888,281.0725141761795
4,19,94,38,1,7.646055766365391,180.04399447933218
5,5,116,44,0,7.851908401170373,146.13234070547765
6,15,281,40,1,5.666556817044883,333.4885361387553
7,31,263,28,0,5.556456160908517,385.75451112136045
8,7,178,22,1,6.470100680076021,210.82140205714882
9,19,239,25,1,6.997969226381549,331.4310190424618
10,37,275,31,0,6.723999796171471,449.77666571809675
11,10,158,33,1,6.967133423096707,201.24054046692927
12,8,220,41,0,6.461649829807794,248.20646389411118
13,8,160,22,0,5.518799681149282,211.37582969998056
14,26,219,27,0,6.639988606786539,392.1508410444285
15,15,247,24,1,7.5453207451665625,347.50930709339
16,35,269,33,0,7.975152537039396,476.55534414774473
17,8,260,22,0,7.2059469982993365,298.6462157225319
18,52,307,37,1,8.005622941078855,592.809239698219
19,84,439,26,1,8.461831051119228,944.3318048157956
20,49,287,26,1,10.71463954037749,561.8913988199771
21,75,289,41,0,9.181190728078985,657.0524289909836
22,72,355,24,0,8.187920452653628,613.3347496657764
23,36,270,34,0,7.4045659418324625,402.0423129577535
0,12,167,40,0,5.068607180972248,215.92469020512078
1,20,112,38,0,6.900336908199821,176.91265485855035
2,13,86,41,0,7.431413369424059,144.44475298369198
3,26,134,34,0,6.80067948044799,275.866831582874
4,25,111,38,1,7.446655189344295,264.30829357627215
5,9,120,36,1,7.826020683021639,156.196203573675
6,15,256,36,1,5.831571755989778,339.85888977625234
7,34,274,27,1,5.190920711344202,386.0252981846271
8,30,293,32,0,5.975808531700566,462.3343201539576
9,10,180,38,0,7.137924805180521,217.0017926561345
10,18,251,33,1,6.481338435484979,367.81768054269264
11,7,275,26,1,7.438397317863391,319.26953172755316
12,30,230,42,1,5.798063925500066,333.14839535854185
13,20,206,30,0,6.808543007963187,272.45946701347486
14,26,212,29,0,7.681220164172952,386.95960157244633
15,8,150,41,1,6.883859339415675,178.9556312551579
16,5,292,23,1,5.193317575975702,325.9603985840882
17,5,202,33,1,7.4755496393581495,228.09821387872537
18,49,442,33,0,9.340886717806368,769.8921994547409
19,54,313,32,0,11.588798045843426,578.7743929215378
20,60,399,32,1,11.61765722767233,631.3874356496268
21,92,345,36,0,9.869459879715414,969.5033796452971
22,56,277,25,1,10.114005405583882,524.1929404877421
23,33,189,38,1,6.100234714392393,296.3475317328184
0,17,289,42,0,6.700560549047763,374.0762412124165
1,20,148,27,0,6.939915681629715,239.01420391174952
2,11,91,36,0,7.5674356275760895,127.32683752454213
3,30,82,38,1,6.370890281316971,290.5602268689522
4,17,109,38,0,7.554282542829441,190.07472263481043
5,34,100,26,1,6.51148012778064,328.21912526861945
6,7,204,22,0,7.508900908828823,228.7889149838703
7,5,243,33,0,7.667906415087986,261.4984427152247
8,38,187,31,1,5.062724474397175,330.1806157026498
9,9,212,43,0,7.698649704287908,243.78736833604813
10,37,221,26,0,7.491511877686122,408.30307245751624
11,13,182,34,1,7.575858995973169,224.57064473432405
12,38,173,37,1,5.979276014783949,377.91932066834397
13,8,274,36,1,5.258615297591929,309.597364638705
14,26,243,44,1,6.643672659457409,352.836569647916
15,22,216,25,1,6.7878577371958375,320.58419864803733
16,12,193,23,1,5.887475168747259,245.22711330398295
17,39,156,37,1,7.44681877117039,308.9156967836424
18,74,418,43,1,11.139514753128934,789.1265072968771
19,96,426,31,1,11.13097797367148,781.520149587496
20,54,286,25,1,8.514725222997331,457.19775554963235
21,91,271,32,1,9.746217555809771,561.4517632500774
22,58,416,21,1,9.89953089989078,744.4952825319593
23,35,229,27,0,5.510001161018106,404.59149361197206
0,6,192,23,0,7.479249843155632,231.1110518794672
1,8,96,39,1,5.973218897528068,124.08842366136504
2,10,98,37,1,5.7446739749240745,166.91374022052437
3,36,148,34,1,6.492281067780386,299.87359477637426
4,11,135,36,1,5.234116073204016,171.27521696611598
5,13,133,22,1,6.5897875750864685,206.59435662101367
6,7,169,38,1,5.722640429848692,202.21300713198735
7,38,168,35,0,5.100105715607251,318.2356980224405
8,21,273,34,1,5.5727072411904075,375.424911217861
9,26,211,25,1,6.326210601854252,316.40864625735674
10,39,188,37,0,5.085005809342478,453.18892359549903
11,35,221,28,1,6.682478386070295,396.68383752611237
12,28,196,20,0,6.851935901102828,312.9844706447842
13,24,260,21,1,5.4083845171963025,366.8133404987685
14,21,204,21,0,5.773742298098653,328.1456402988166
15,26,235,41,1,6.925767973371158,328.4033150708381
16,36,291,20,0,5.352850099488352,399.9291322416905
17,27,269,20,1,6.461753454803629,353.04690429197063
18,83,351,23,0,10.164596649616243,678.7427494037217
19,64,369,38,1,11.706801582349156,571.8629983389633
20,82,257,27,0,8.945615604024836,506.33457535821117
21,67,412,42,1,11.223976885667666,788.3372861268274
22,46,303,44,1,9.820563718571393,547.341708600145
23,31,164,32,1,5.812112185981856,308.0226874901301
0,25,163,39,1,5.188765819468059,274.884261636245
1,25,142,36,0,6.2392745288050335,288.78891697455674
2,36,131,43,0,6.762404909638664,350.73961084807956
3,25,111,27,0,5.525075746978223,272.6604918652663
4,21,100,26,0,6.278386006988216,215.95645490711223
5,34,140,42,0,6.491851818365473,338.8338340014709
6,33,154,28,1,7.449296704935891,347.6844377504958
7,9,239,22,0,5.5897855759652035,275.9653381741758
8,30,238,22,1,5.401179022223675,374.5340689952091
9,5,199,44,0,7.6514719392326835,225.11006131364468
10,13,257,30,1,6.573252799754535,324.5902124854441
11,28,237,42,0,6.335450131433828,371.5201177318449
12,20,210,26,0,6.009716784488784,340.2005870853795
13,22,247,27,1,5.79870821972235,332.54922494784876
14,24,281,29,1,5.480085774889343,356.6039907096572
15,37,227,40,0,7.982858310103097,407.4114629666826
16,8,286,35,0,6.672209690813615,320.2078813380957
17,8,176,33,1,6.325054693064736,230.53506811425893
18,57,359,44,1,8.041879716868463,717.3902470405252
19,81,382,29,1,11.057070083522696,777.8127750520978
20,87,403,34,0,10.434788969050455,1000.3774084060695
21,47,437,32,0,9.16665635450362,708.498388197333
22,45,341,21,1,9.896461069522353,599.164747935559
23,39,200,29,0,7.570084309666702,381.65823447955887
0,37,276,26,1,5.4571648148847975,469.72740873722245
1,24,130,44,0,7.405571115146778,275.93236564500535
2,32,143,38,0,5.678957143676551,339.487503196308
3,11,139,32,1,7.44472680527955,209.90136215656833
4,14,105,24,1,6.5137414578548185,175.21222985626537
5,12,108,42,0,6.21552032323628,144.22278959616622
6,23,232,43,1,6.402581187656275,366.2840299433493
7,39,233,20,0,5.115703475628387,400.5693707837155
8,38,200,21,0,5.712809566211425,385.36235485510326
9,16,287,37,0,5.695036652552439,347.000105353033
10,9,240,37,1,6.011144380807335,286.02327335672527
11,31,184,29,1,5.4228538664771975,298.8653670954353
12,6,288,38,1,6.911065186168823,316.5273103106311
13,18,228,37,1,5.859670732408939,348.53034948014874
14,5,299,33,0,7.401212147416514,325.16385231999726
15,19,154,23,1,7.933355350776852,226.2928049749661
16,28,288,21,0,5.984087150777076,400.49146404780777
17,32,192,23,0,7.426586075303108,314.2223712336271
18,55,257,32,1,9.70903147393469,580.184052121043
19,84,301,39,0,11.494663304454097,815.9545813827139
20,89,372,38,0,8.79205553371281,868.6455548764566
21,74,446,24,1,11.356978359927306,668.8664534256003
22,96,264,38,0,10.873245184470868,580.2906566050578
23,34,275,43,0,5.752029317582884,407.5545219416043
0,37,161,29,1,6.347744600350545,408.901455227487
1,34,146,28,1,6.660916160202426,326.1220230486039
2,21,143,20,0,7.130234554831027,263.1577189275452
3,20,121,42,1,5.367976055973469,199.60584820660932
4,28,80,21,1,7.373430268045818,189.17143526507914
5,28,93,31,0,5.8114171193808835,243.56221495651218
6,16,231,30,1,6.2347512147372885,316.3489417212327
7,25,236,34,0,6.005459181548361,327.26150060659427
8,26,238,24,1,7.238478645951993,337.6529064684047
9,38,182,23,1,6.772962894995324,417.20575746592675
10,26,180,39,1,5.868146221672381,354.66752984329713
11,29,203,44,1,6.667769893878689,379.1871706712022
12,28,177,39,0,7.272801360080565,345.1803400474349
13,36,272,23,0,7.192402101692446,515.4191632723682
14,28,234,22,1,5.259473606782445,357.9304043044754
15,22,159,30,1,7.328433496771682,235.88725125338485
16,26,173,31,0,6.161756086053292,299.0768747543166
17,32,207,34,0,5.638480105091634,323.96892914125567
18,78,336,30,1,11.776072660670025,868.7690814629449
19,48,385,33,1,9.837630903548186,699.0615954609585
20,85,424,44,0,10.163059517931824,941.2162461844894
21,60,274,26,0,10.31153133102449,457.4375955774354
22,75,275,23,1,10.647696257641956,733.5546337806616
23,26,263,34,1,7.118435341781151,353.4994267231116
